product_id,title,vendor,product_type,skus,tags
gid://shopify/Product/15724821840256,Catan 6th Edition (2025),Asmodee,Asmodee,558 CN3081,Asmodee|Distributor: ABGee
gid://shopify/Product/15724821971328,Submarine (Yellow Handle),Bigjigs,Bigjigs,GTSUBY1033,ASIN: B008LQXRBE|Bigjigs|Distributor: Bigjigs
gid://shopify/Product/15724822135168,Attached - Book,bluebird,bluebird,978-1529032178,bluebird
gid://shopify/Product/15724822266240,Dreamworks Dragons - Red Chompin Death Rampage,Dreamworks,Dreamworks,231 6072650,ASIN: B0DDXQ4PKK|Distributor: ABGee|Dreamworks
gid://shopify/Product/15724822397312,Dreamworks Dragons - Red Chompin Death Rampage,Dreamworks,Dreamworks,681147061323,ASIN: B0DDXQ4PKK|Distributor: ABGee|Dreamworks
gid://shopify/Product/15724822790528,Fisher Price Laugh & Learn & Serve Coffee,Fisher Price,Fisher Price,900 HYR98,ASIN: B0CSYYL1K9|Distributor: ABGee|Fisher Price
gid://shopify/Product/15724823019904,A Survival Guide for Life - Bear Grylls,FSC,FSC,978-0552178594,FSC
gid://shopify/Product/15724823085440,Bitty POP: One Piece - Luffy 4 Pack,FUNKO,FUNKO,985 86892,Distributor: ABGee|FUNKO
gid://shopify/Product/15724823314816,Bitty POP: Spiderman - Venom 4 Pack,FUNKO,FUNKO,985 85703,Distributor: ABGee|FUNKO
gid://shopify/Product/15724823445888,Pop! Vinyl - Batman 1989 - Joker w/Hat w/Chase,FUNKO,FUNKO,985 47709,Distributor: ABGee|FUNKO
gid://shopify/Product/15724823576960,Pop! Vinyl - Dragon Ball - Goku with Tail,FUNKO,FUNKO,985 83877,Distributor: ABGee|FUNKO
gid://shopify/Product/15724823675264,Pop! Vinyl - Dragon Ball Z - Super Saiyan Goku,FUNKO,FUNKO,985 48600,Distributor: ABGee|FUNKO
gid://shopify/Product/15724823871872,Pop! Vinyl - Harry Potter - Harry Potter,FUNKO,FUNKO,985 5858,Distributor: ABGee|FUNKO
gid://shopify/Product/15724824002944,Pop! Vinyl - Harry Potter - Ron Weasley,FUNKO,FUNKO,985 5859,Distributor: ABGee|FUNKO
gid://shopify/Product/15724824199552,Pop! Vinyl - LOTR - Frodo Baggins,FUNKO,FUNKO,985 86430,Distributor: ABGee|FUNKO
gid://shopify/Product/15724824363392,Pop! Vinyl - Mandalorian - The Child,FUNKO,FUNKO,985 48740,Distributor: ABGee|FUNKO
gid://shopify/Product/15724824560000,Pop! Vinyl - Marvel NC - Captain America,FUNKO,FUNKO,985 82497,Distributor: ABGee|FUNKO
gid://shopify/Product/15724824691072,Pop! Vinyl - Marvel NC - Iron Man,FUNKO,FUNKO,985 82499,Distributor: ABGee|FUNKO
gid://shopify/Product/15724824887680,Pop! Vinyl - Marvel NC - Spiderman,FUNKO,FUNKO,985 82500,Distributor: ABGee|FUNKO
gid://shopify/Product/15724825018752,Pop! Vinyl - Naruto Shippuden - Naruto (chase),FUNKO,FUNKO,985 83804,Distributor: ABGee|FUNKO
gid://shopify/Product/15724825215360,Pop! Vinyl - One Piece - Luffy,FUNKO,FUNKO,985 5305,Distributor: ABGee|FUNKO
gid://shopify/Product/15724825346432,Pop! Vinyl - One Piece - Roronoa Zoro,FUNKO,FUNKO,985 54462,Distributor: ABGee|FUNKO
gid://shopify/Product/15724825477504,Pop! Vinyl - Star Wars S9 - Luke Skywalker BS,FUNKO,FUNKO,985 83797,Distributor: ABGee|FUNKO
gid://shopify/Product/15724825641344,Pop! Vinyl - Stranger Things S4 - Finale Eleven,FUNKO,FUNKO,985 72135,Distributor: ABGee|FUNKO
gid://shopify/Product/15724825870720,Pop! Vinyl - Stranger Things Season 4 - Dustin with Shield,FUNKO,FUNKO,985 72137,Distributor: ABGee|FUNKO
gid://shopify/Product/15724825969024,Pop! Vinyl - The Batman - Batman,FUNKO,FUNKO,985 59276,Distributor: ABGee|FUNKO
gid://shopify/Product/15724826165632,Pop! Vinyl - Wednesday - Enid Sinclair,FUNKO,FUNKO,985 86681,Distributor: ABGee|FUNKO
gid://shopify/Product/15724826296704,Pop! Vinyl - Wednesday Addams,FUNKO,FUNKO,985 67457,Distributor: ABGee|FUNKO
gid://shopify/Product/15724826493312,Gabby's Dollhouse Movie - 2-Pack Cat Francisco,Gabby,Gabby,681147092822,ASIN: B0DTJFR4TK|Distributor: ABGee|Gabby
gid://shopify/Product/15724826591616,Gabby's Dollhouse Movie - 2-Pack Garden,Gabby,Gabby,681147088856,ASIN: B0DTJD94KC|Distributor: ABGee|Gabby
gid://shopify/Product/15724826755456,Monopoly Classic,Hasbro,Hasbro,285 G0009,Distributor: ABGee|Hasbro
gid://shopify/Product/15724826886528,Hello Kitty Project Book,Hello Kitty,Hello Kitty,125 HKPP6409,Distributor: ABGee|Hello Kitty
gid://shopify/Product/15724826984832,Plastic Coated Playing Cards,HTI,HTI,211 20805,Distributor: ABGee|HTI
gid://shopify/Product/15724827214208,Rajas of the Ganges,Hutter,Hutter,10000479,ASIN: B073JPCZKZ|Distributor: Hutter|Hutter
gid://shopify/Product/15724827476352,Root,Leder Games,Leder Games,LED01000,ASIN: B07F454YF3|Distributor: Leder Games|Leder Games
gid://shopify/Product/15724827607424,Julia Donaldson Story Collection,Macmillan,Macmillan,978-1509801251,Macmillan
gid://shopify/Product/15724828230016,Masters of the Universe Masterverse Vintage Collection Action Figure Stratos 18 cm,Masters of the Universe,Masters of the Universe,MATTJBP96,ASIN: B0DPQGTDRM|Distributor: HEO|Masters of the Universe
gid://shopify/Product/15724828426624,Jurassic World Danger Pack,MATTEL,MATTEL,900 HLN49,Distributor: ABGee|MATTEL
gid://shopify/Product/15724828590464,Jurassic World Hammond Collection Dryosaurus,Mattel,Mattel,900 JKM92,Distributor: ABGee|Mattel
gid://shopify/Product/15724828656000,Jurassic World Hammond Collection Ornitholestes,Mattel,Mattel,900 JKM91,Distributor: ABGee|Mattel
gid://shopify/Product/15724828787072,UNO Card Game,Mattel,Mattel,42003,ASIN: B00GTJSGXE|Distributor: Argos|Mattel
gid://shopify/Product/15724828983680,Nintendo 2.5in Spin Out Mario Kart Assortment,Nintendo,Nintendo,192995408753,ASIN: B08GC8KP2B|Distributor: ABGee|Nintendo
gid://shopify/Product/15724829114752,One Piece Plush Figure Op Op Devilfruit Trafalgar D. Law 15 cm,One Piece,One Piece,SAKA10381,ASIN: B0D1VTK28K|Distributor: HEO|One Piece
gid://shopify/Product/15724829278592,Burning Chrome - William Gibson,Orion Books,Orion Books,978-1473217447,Orion Books
gid://shopify/Product/15724829475200,Neuromancer - William Gibson,Orion Books,Orion Books,978-1473217386,Orion Books
gid://shopify/Product/15724829606272,Kristin Hannah Collection,pan macmillan,pan macmillan,978-1035053995,pan macmillan
gid://shopify/Product/15724829770112,Peppa Pig Peppa/George/Evie 3-Pack,Peppa pIG,Peppa pIG,5029736084233,ASIN: B0FND1XK2G|Distributor: ABGee|Peppa pIG
gid://shopify/Product/15724829868416,Peppa Pig Peppa/George/Evie 3-Pack,Peppa pIG,Peppa pIG,674 08423,ASIN: B0FND1XK2G|Distributor: ABGee|Peppa pIG
gid://shopify/Product/15724830065024,Flawless - Elise Silver,PIATKUS,PIATKUS,978-0349437675,PIATKUS
gid://shopify/Product/15724830196096,Powerless - Elise Silver,PIATKUS,PIATKUS,978-0349437705,PIATKUS
gid://shopify/Product/15724830359936,Plus-Plus Basic / 600 pcs,PlusPlus,PlusPlus,B0080OJ6K8,ASIN: B0080OJ6K8|Distributor: PlusPlus|PlusPlus
gid://shopify/Product/15724830556544,Plus-Plus BIG Basic / 100 pcs,PlusPlus,PlusPlus,5710410000000,ASIN: B0080OJ8LK|Distributor: PlusPlus|PlusPlus
gid://shopify/Product/15724830622080,Never Lie - Freida McFadden,Poisoned Pen Press,Poisoned Pen Press,978-1464221361,Poisoned Pen Press
gid://shopify/Product/15724830818688,One by One - Freida McFadden,Poisoned Pen Press,Poisoned Pen Press,978-1464221392,Poisoned Pen Press
gid://shopify/Product/15724830949760,The Inmate - Freida McFadden,Poisoned Pen Press,Poisoned Pen Press,978-1464221385,Poisoned Pen Press
gid://shopify/Product/15724831080832,The Perfect Son - Freida McFadden,Poisoned Pen Press,Poisoned Pen Press,978-1464228599,Poisoned Pen Press
gid://shopify/Product/15724831211904,Ward D - Freida McFadden,Poisoned Pen Press,Poisoned Pen Press,978-1464228575,Poisoned Pen Press
gid://shopify/Product/15724831375744,* Pokemon Battle Feature Figure Charizard,Pokemon,Pokemon,888 95132,ASIN: B08B3XP7DZ|Distributor: ABGee|Pokemon
gid://shopify/Product/15724831441280,* Pokemon Battle Feature Figure Charizard,Pokemon,Pokemon,889933951326,ASIN: B08B3XP7DZ|Distributor: ABGee|Pokemon
gid://shopify/Product/15724831637888,Bitty POP: Pokemon - Bulbasaur 4 Pack,Pokemon,Pokemon,98581134,Pokemon
gid://shopify/Product/15724831768960,Bitty POP: Pokemon - Squirtle 4 Pack,Pokemon,Pokemon,98581135,Pokemon
gid://shopify/Product/15724831932800,Pokemon - Battle Spinner Arena Set,Pokemon,Pokemon,888 PKW4403,ASIN: B0CTTWPWBQ|Distributor: ABGee|Pokemon
gid://shopify/Product/15724832031104,Pokemon 8 Inch Push - 6 Pack,Pokemon,Pokemon,88895217,Pokemon
gid://shopify/Product/15724832162176,Pokemon A5 Notebook - Pikachu Black,Pokemon,Pokemon,125PKPW6711,Pokemon
gid://shopify/Product/15724832293248,Pokemon Bulbasaur Plush,Pokemon,Pokemon,426103,Pokemon
gid://shopify/Product/15724832457088,Pokemon Cards - Mega Evolution,Pokemon,Pokemon,221013,Pokemon
gid://shopify/Product/15724832752000,Pokemon Cards - SV Journey Together,Pokemon,Pokemon,100-10341,Pokemon
gid://shopify/Product/15724832850304,Pokemon Cards - SV Prismatic Evolutions,Pokemon,Pokemon,100-10111,Pokemon
gid://shopify/Product/15724833014144,Pokemon Pikachu Plush,Pokemon,Pokemon,977302,Pokemon
gid://shopify/Product/15724833112448,Pokemon Project Notebook,Pokemon,Pokemon,125 PIKA6430,Distributor: ABGee|Pokemon
gid://shopify/Product/15724833276288,Pokemon Squirtle Plush,Pokemon,Pokemon,515319,Pokemon
gid://shopify/Product/15724833440128,Pop! Vinyl - Eevee,Pokemon,Pokemon,98564637,Pokemon
gid://shopify/Product/15724833603968,Pop! Vinyl - Pikachu,Pokemon,Pokemon,98531528,Pokemon
gid://shopify/Product/15724833735040,"Frozen 2, 3x49pc",Ravensburger,Ravensburger,542 5011,Distributor: ABGee|Ravensburger
gid://shopify/Product/15724833866112,"Peppa Pig, 35pc",Ravensburger,Ravensburger,542 12004185,Distributor: ABGee|Ravensburger
gid://shopify/Product/15724833997184,"Spiderman, 4 in a Box",Ravensburger,Ravensburger,542 12004201,Distributor: ABGee|Ravensburger
gid://shopify/Product/15724834161024,"Bluey, 2x24pc",Ravensburger,Ravensburger,542 5711,Distributor: ABGee|Ravensburger
gid://shopify/Product/15724834423168,"Bridgerton, 300pc",Ravensburger,Ravensburger,542 12001229,Distributor: ABGee|Ravensburger
gid://shopify/Product/15724834914688,Dog Man Big Jim Begins,Scholastic Inc.,Scholastic Inc.,978-1-338896-45-9,Scholastic Inc.
gid://shopify/Product/15724835012992,Dog Man Scarlet Shredder,Scholastic Inc.,Scholastic Inc.,978-1-338-89643-5,Scholastic Inc.
gid://shopify/Product/15724835144064,Dog Man The Epic Collection,Scholastic Inc.,Scholastic Inc.,978-1-338-23064-2,Scholastic Inc.
gid://shopify/Product/15724835275136,Dog Man 20k Fleas under the Sea,Scholistic Inc.,Scholistic Inc.,978-0-702330-02-5,Scholistic Inc.
gid://shopify/Product/15724835438976,CRYPT - Alice Roberts,ScribnerUK,ScribnerUK,978-1398519251,ScribnerUK
gid://shopify/Product/15724835570048,Kink Stories,ScribnerUK,ScribnerUK,978-1398503212,ScribnerUK
gid://shopify/Product/15724835701120,ABBA Though the Ages - Giles Smith,Simon & Schuster,Simon & Schuster,978-1398529731,Simon & Schuster
gid://shopify/Product/15724835832192,After Ever Happy - Anna Todd,Simon & Schuster,Simon & Schuster,978-1982131180,Simon & Schuster
gid://shopify/Product/15724835996032,Burnt Island - Kate Rhodes,Simon & Schuster,Simon & Schuster,978-1398538597,Simon & Schuster
gid://shopify/Product/15724836127104,"Charlie, Love and Cliches - Ella Maise",Simon & Schuster,Simon & Schuster,978-1398521643,Simon & Schuster
gid://shopify/Product/15724836258176,Conviction - Jack Jordan,Simon & Schuster,Simon & Schuster,978-1398505742,Simon & Schuster
gid://shopify/Product/15724836422016,Do No Harm - Jack Jordan,Simon & Schuster,Simon & Schuster,978-1398505704,Simon & Schuster
gid://shopify/Product/15724836651392,My Mother and I - Ingrid Seward,Simon & Schuster,Simon & Schuster,978-1398515208,Simon & Schuster
gid://shopify/Product/15724836815232,Off to the Races - Elsie Silver,Simon & Schuster,Simon & Schuster,978-1398539204,Simon & Schuster
gid://shopify/Product/15724836979072,The Bone Code - Kathy Reichs,Simon & Schuster,Simon & Schuster,978-1471188923,Simon & Schuster
gid://shopify/Product/15724837077376,The Dog Park Detectives - Blake Mara,Simon & Schuster,Simon & Schuster,978-1398524262,Simon & Schuster
gid://shopify/Product/15724837241216,The Front Runner - Elise Silver,Simon & Schuster,Simon & Schuster,978-1398539419,Simon & Schuster
gid://shopify/Product/15724837405056,The Lessons of History,Simon & Schuster,Simon & Schuster,978-198219657,Simon & Schuster
gid://shopify/Product/15724837568896,My First Safari Animals,SmartMax,SmartMax,SMX 220,ASIN: B06Y3V1WXG|Distributor: SmartMax|SmartMax
gid://shopify/Product/15724837667200,Gabby's Dollhouse Movie - 2-Pack Cat Francisco,Spin Master,Spin Master,231 6074578,ASIN: B0DTJFR4TK|Distributor: ABGee|Spin Master
gid://shopify/Product/15724837863808,Gabby's Dollhouse Movie - 2-Pack Garden,Spin Master,Spin Master,231 6074330,ASIN: B0DTJD94KC|Distributor: ABGee|Spin Master
gid://shopify/Product/15724838027648,Jurassic Park Tubbz Mini Dilophosaurus,Tubbz,Tubbz,222 NS5306,Distributor: ABGee|Tubbz
gid://shopify/Product/15724838322560,"One Piece Manga - Vol 1,2,3",VIZ Media,VIZ Media,978-1421536255,VIZ Media
gid://shopify/Product/15724838453632,Demon Slayer Complete Box Set,Viz Media,Viz Media,978-1974725953,Viz Media
gid://shopify/Product/15724838584704,Demon Slayer #1,VIZ Media LLC,VIZ Media LLC,978-1974700523,VIZ Media LLC
gid://shopify/Product/15724838683008,Demon Slayer #10,VIZ Media LLC,VIZ Media LLC,978-1974704552,VIZ Media LLC
gid://shopify/Product/15724838814080,Demon Slayer #2,VIZ Media LLC,VIZ Media LLC,978-1974700530,VIZ Media LLC
gid://shopify/Product/15724838977920,Demon Slayer #3,VIZ Media LLC,VIZ Media LLC,‎ 978-1974700547,VIZ Media LLC
gid://shopify/Product/15724839108992,Demon Slayer #4,VIZ Media LLC,VIZ Media LLC,978-1974700554,VIZ Media LLC
gid://shopify/Product/15724839272832,Demon Slayer #5,VIZ Media LLC,VIZ Media LLC,978-1974700561,VIZ Media LLC
gid://shopify/Product/15724839371136,Demon Slayer #6,VIZ Media LLC,VIZ Media LLC,978-1974700578,VIZ Media LLC
gid://shopify/Product/15724839469440,Demon Slayer #7,VIZ Media LLC,VIZ Media LLC,978-1974704415,VIZ Media LLC
gid://shopify/Product/15724839600512,Demon Slayer #8,VIZ Media LLC,VIZ Media LLC,978-1974704422,VIZ Media LLC
gid://shopify/Product/15724839698816,Demon Slayer #9,VIZ Media LLC,VIZ Media LLC,978-1974704439,VIZ Media LLC
gid://shopify/Product/15724839862656,A Monster Calls - Patrick Ness,Walker Books,Walker Books,978-1406361803,Walker Books
gid://shopify/Product/15724840485248,Robo Alive Dino Fossil Find Egg,Zuru,Zuru,77771115TQ2,Zuru
gid://shopify/Product/15724840649088,Book - Dinosoars in my School,Scholastic,Scholastic,9780702323058,Scholastic
gid://shopify/Product/15724840780160,India Express - Rukmini Iyer,Penguin,Penguin,9781529110074,Penguin
gid://shopify/Product/15724840911232,The Sweet Roasting Tin - Rukmini Iyer,Penguin,Penguin,9781529110432,Penguin
gid://shopify/Product/15724841107840,The Green BBQ - Rukmini Iyer,Penguin,Penguin,9781529110272,Penguin
gid://shopify/Product/15724841271680,The Green Roasting Tin - Rukmini Iyer,Penguin,Penguin,9781910931899,Penguin
