9918995134406	L: TUSKGOR FUR 12ML ROW X6	gw cache: no matching photo asset set
9918995137406	L: GAUSS BLASTER GREEN 12ML ROW X6	gw cache: no matching photo asset set
DNL0097	GIANT KRAKEN	HTTP 500 while fetching https://www.amazon.co.uk/dp/B0DK7YWKXF | HTTP 500 while fetching https://www.amazon.com/dp/B0DK7YWKXF
DNL0092	HALLS OF ANCESTORS: PRE-PAINTED	HTTP 500 while fetching https://www.amazon.co.uk/dp/B0DK7T2NND | HTTP 500 while fetching https://www.amazon.com/dp/B0DK7T2NND
DNL0043	NPC MINIATURE PACK	HTTP 500 while fetching https://www.amazon.co.uk/dp/B0CKX8DB3V | HTTP 500 while fetching https://www.amazon.com/dp/B0CKX8DB3V
DNL0036	TOWNSFOLK MINIATURE PACK	HTTP 500 while fetching https://www.amazon.co.uk/dp/B0BDPN9LPD | HTTP 500 while fetching https://www.amazon.com/dp/B0BDPN9LPD
279 T73118	Articulate for Kids Mini Game	HTTP 500 while fetching https://www.amazon.co.uk/dp/B082VRZQQJ | HTTP 500 while fetching https://www.amazon.com/dp/B082VRZQQJ
900 HYR98	Fisher Price Laugh & Learn & Serve Coffee	HTTP 500 while fetching https://www.amazon.co.uk/dp/B0CSYYL1K9 | HTTP 500 while fetching https://www.amazon.com/dp/B0CSYYL1K9
681147092822	Gabby's Dollhouse Movie - 2-Pack Cat Francisco	HTTP 500 while fetching https://www.amazon.co.uk/dp/B0DTJFR4TK | HTTP 500 while fetching https://www.amazon.com/dp/B0DTJFR4TK
MGHA117	HA Halo Flashpoint Master Chief	HTTP 500 while fetching https://www.amazon.co.uk/dp/B0DZXY4C5F | HTTP 500 while fetching https://www.amazon.com/dp/B0DZXY4C5F
MGTC115	TC Abandoned Mine	HTTP 500 while fetching https://www.amazon.co.uk/dp/B07PN9QVNK | HTTP 500 while fetching https://www.amazon.com/dp/B07PN9QVNK
SAKA10381	One Piece Plush Figure Op Op Devilfruit Trafalgar D. Law 15 cm	HTTP 500 while fetching https://www.amazon.co.uk/dp/B0D1VTK28K | HTTP 500 while fetching https://www.amazon.com/dp/B0D1VTK28K
SMX 220	My First Safari Animals	HTTP 500 while fetching https://www.amazon.co.uk/dp/B06Y3V1WXG | HTTP 500 while fetching https://www.amazon.com/dp/B06Y3V1WXG
231 6074578	Gabby's Dollhouse Movie - 2-Pack Cat Francisco	HTTP 500 while fetching https://www.amazon.co.uk/dp/B0DTJFR4TK | HTTP 500 while fetching https://www.amazon.com/dp/B0DTJFR4TK
