9918995134406	L: TUSKGOR FUR 12ML ROW X6	no matching photo asset set
9918995137406	L: GAUSS BLASTER GREEN 12ML ROW X6	no matching photo asset set
52170218004	AOS S/E + PAINT SET ENG/SPA/PORT/LATV/RM	no matching photo asset set
9918995131506	L: TECLIS BLUE 12ML ROW X6	no matching photo asset set
60249999665	WHITE DWARF 523 (APR-26) (ENGLISH)	no matching photo asset set
9919999910403	WARHAMMER COLOUR: DRY BRUSH MEDIUM (X3)	no matching photo asset set
99229999192	WH COLOUR: MORDIAN CORPSEGRASS TUFTS	no matching photo asset set
9922999919406	WARHAMMER DICE (6-PACK)	no matching photo asset set
9923999912706	WARHAMMER PAINTING HANDLE (MK3) (6-PACK)	no matching photo asset set
9918995132806	L: ELYSIAN GREEN 12ML ROW X6	no matching photo asset set
52170299004	AOS PAINTS+TOOLS ENG/SPA/PORT/LATV/ROM	no matching photo asset set
52170206002	AOS SKAVEN + PAINT SET ENG/SPA/PORT/LAT	no matching photo asset set
9918995029806	B: THOUSAND SONS BLUE 12ML ROW X6	no matching photo asset set
9918995031206	B: BARAK-NAR BURGUNDY 12ML ROW X6	no matching photo asset set
9918995135206	L: SKAVENBLIGHT DINGE 12ML ROW X6	no matching photo asset set
9918995135606	L: PALLID WYCH FLESH 12ML ROW X6	no matching photo asset set
9918995136506	L: PINK HORROR 12ML ROW X6	no matching photo asset set
9918995136806	L: FLAYED ONE FLESH 12ML ROW X6	no matching photo asset set
9918995137706	L: FULGRIM PINK 12ML ROW X6	no matching photo asset set
9918995138206	L: KAKOPHONI PURPLE 12ML ROW X6	no matching photo asset set
9918995027106	B: KANTOR BLUE 12ML ROW X6	no matching photo asset set
9918995027206	B: MACRAGGE BLUE 12ML ROW X6	no matching photo asset set
9918995027306	B: CALEDOR SKY 12ML ROW X6	no matching photo asset set
9918995027606	B: CALIBAN GREEN 12ML ROW X6	no matching photo asset set
9918995027706	B: WAAAGH! FLESH 12ML ROW X6	no matching photo asset set
9918995027806	B: CASTELLAN GREEN 12ML ROW X6	no matching photo asset set
9918995028406	B: MOURNFANG BROWN 12ML ROW X6	no matching photo asset set
9918995028506	B: XV-88 12ML ROW X6	no matching photo asset set
9918995028806	B: MECHANICUS STANDARD GREY 12ML ROW X6	no matching photo asset set
9918995029106	B: RAKARTH FLESH 12ML ROW X6	no matching photo asset set
9918995031006	B: BALTHASAR GOLD 12ML ROW X6	no matching photo asset set
9918995030006	B: IONRACH SKIN 12ML ROW X6	no matching photo asset set
9918995030606	B: CORVUS BLACK 12ML ROW X6	no matching photo asset set
9918995031106	B: IRON WARRIORS 12ML ROW X6	no matching photo asset set
9918995031506	B: CORAX WHITE 12ML ROW X6	no matching photo asset set
9918995031606	B: WRAITHBONE 12ML ROW X6	no matching photo asset set
9918995031806	B: RUNELORD BRASS 12ML ROW X6	no matching photo asset set
9918995031906	B: ORRUK FLESH 12ML ROW X6	no matching photo asset set
9918995130206	L: FIRE DRAGON BRIGHT 12ML ROW X6	no matching photo asset set
9918995130706	L: XEREUS PURPLE 12ML ROW X6	no matching photo asset set
9918995131106	L: ALAITOC BLUE 12ML ROW X6	no matching photo asset set
9918995131706	L: SOTEK GREEN 12ML ROW X6	no matching photo asset set
9918995131806	L: TEMPLE GUARD BLUE 12ML ROW X6	no matching photo asset set
9918995132006	L: SYBARITE GREEN 12ML ROW X6	no matching photo asset set
9918995132106	L: WARPSTONE GLOW 12ML ROW X6	no matching photo asset set
9918995132606	L: STRAKEN GREEN 12ML ROW X6	no matching photo asset set
9918995132906	L: OGRYN CAMO 12ML ROW X6	no matching photo asset set
9918995133306	L: KARAK STONE 12ML ROW X6	no matching photo asset set
9918995133806	L: SKRAG BROWN 12ML ROW X6	no matching photo asset set
9918995134606	L: BANEBLADE BROWN 12ML ROW X6	no matching photo asset set
9918995135006	L: DARK REAPER 12ML ROW X6	no matching photo asset set
9918995135406	L: ULTHUAN GREY 12ML ROW X6	no matching photo asset set
9918995135906	L: GEHENNA'S GOLD 12ML ROW X6	no matching photo asset set
9918995136206	L: BRASS SCORPION 12ML ROW X6	no matching photo asset set
9918995136706	L: LIBERATOR GOLD 12ML ROW X6	no matching photo asset set
9918995137206	L: AHRIMAN BLUE 12ML ROW X6	no matching photo asset set
9918995138006	L: BLUE HORROR 12ML ROW X6	no matching photo asset set
9918995138406	L: PHALANX YELLOW 12ML ROW X6	no matching photo asset set
9918995139106	L: CANOPTEK ALLOY 12ML ROW X6	no matching photo asset set
9921999904310	WH COLOUR:PLASTIC GLUE (15g) (EU/AU) X10	no matching photo asset set
60010299050	AGE OF SIGMAR: INTRODUCTORY SET (ENG)	no matching photo asset set
99120207208	OSSIARCH BONEREAPERS:MORTISAN BONESHAPER	no matching photo asset set
9918995026506	B: AVERLAND SUNSET 12ML ROW X6	no matching photo asset set
9918995026606	B: JOKAERO ORANGE 12ML ROW X6	no matching photo asset set
9918995026706	B: MEPHISTON RED 12ML ROW X6	no matching photo asset set
9918995026806	B: KHORNE RED 12ML ROW X6	no matching photo asset set
9918995026906	B: NAGGAROTH NIGHT 12ML ROW X6	no matching photo asset set
9918995027006	B: DAEMONETTE HIDE 12ML ROW X6	no matching photo asset set
9918995027406	B: STEGADON SCALE GREEN 12ML ROW X6	no matching photo asset set
9918995027506	B: INCUBI DARKNESS 12ML ROW X6	no matching photo asset set
9918995027906	B: DEATH WORLD FOREST 12ML ROW X6	no matching photo asset set
9918995028006	B: ZANDRI DUST 12ML ROW X6	no matching photo asset set
9918995028106	B: STEEL LEGION DRAB 12ML ROW X6	no matching photo asset set
9918995028206	B: BUGMAN'S GLOW 12ML ROW X6	no matching photo asset set
9918995028606	B: RHINOX HIDE 12ML ROW X6	no matching photo asset set
9918995028706	B: DRYAD BARK 12ML ROW X6	no matching photo asset set
9918995028906	B: ABADDON BLACK 12ML ROW X6	no matching photo asset set
9918995029006	B: CELESTRA GREY 12ML ROW X6	no matching photo asset set
9918995029206	B: LEADBELCHER 12ML ROW X6	no matching photo asset set
9918995029306	B: SCREAMING BELL 12ML ROW X6	no matching photo asset set
9918995029406	B: WARPLOCK BRONZE 12ML ROW X6	no matching photo asset set
9918995029506	B: THE FANG 12ML ROW X6	no matching photo asset set
9918995029606	B: SCREAMER PINK 12ML ROW X6	no matching photo asset set
9918995029706	B: RETRIBUTOR ARMOUR 12ML ROW X6	no matching photo asset set
9918995029906	B: DEATH GUARD GREEN 12ML ROW X6	no matching photo asset set
9918995030106	B: PHOENICIAN PURPLE 12ML ROW X6	no matching photo asset set
9918995030406	B: NIGHT LORDS BLUE 12ML ROW X6	no matching photo asset set
9918995030806	B: IRON HANDS STEEL 12ML ROW X6	no matching photo asset set
9918995030906	B: GREY KNIGHTS STEEL 12ML ROW X6	no matching photo asset set
9918995031306	B: CATACHAN FLESH 12ML ROW X6	no matching photo asset set
9918995031706	B: GREY SEER 12ML ROW X6	no matching photo asset set
9918995129906	L: YRIEL YELLOW 12ML ROW X6	no matching photo asset set
9918995130006	L: FLASH GITZ YELLOW 12ML ROW X6	no matching photo asset set
9918995130106	L: TROLLSLAYER ORANGE 12ML ROW X6	no matching photo asset set
9918995130306	L: EVIL SUNZ SCARLET 12ML ROW X6	no matching photo asset set
9918995130406	L: WILD RIDER RED 12ML ROW X6	no matching photo asset set
9918995130506	L: WAZDAKKA RED 12ML ROW X6	no matching photo asset set
9918995130606	L: SQUIG ORANGE 12ML ROW X6	no matching photo asset set
9918995130806	L: GENESTEALER PURPLE 12ML ROW X6	no matching photo asset set
9918995131006	L: SLAANESH GREY 12ML ROW X6	no matching photo asset set
9918995131206	L: HOETH BLUE 12ML ROW X6	no matching photo asset set
9918995131306	L: ALTDORF GUARD BLUE 12ML ROW X6	no matching photo asset set
9918995131406	L: CALGAR BLUE 12ML ROW X6	no matching photo asset set
9918995131606	L: LOTHERN BLUE 12ML ROW X6	no matching photo asset set
9918995131906	L: KABALITE GREEN 12ML ROW X6	no matching photo asset set
9918995132206	L: MOOT GREEN 12ML ROW X6	no matching photo asset set
9918995132306	L: WARBOSS GREEN 12ML ROW X6	no matching photo asset set
9918995132706	L: NURGLING GREEN 12ML ROW X6	no matching photo asset set
9918995133006	L: USHABTI BONE 12ML ROW X6	no matching photo asset set
9918995133106	L: SCREAMING SKULL 12ML ROW X6	no matching photo asset set
9918995133406	L: CADIAN FLESHTONE 12ML ROW X6	no matching photo asset set
9918995133506	L: KISLEV FLESH 12ML ROW X6	no matching photo asset set
9918995134206	L: ZAMESI DESERT 12ML ROW X6	no matching photo asset set
9918995134306	L: DOOMBULL BROWN 12ML ROW X6	no matching photo asset set
9918995134506	L: GORTHOR BROWN 12ML ROW X6	no matching photo asset set
9918995134706	L: DAWNSTONE 12ML ROW X6	no matching photo asset set
9918995134806	L: ADMINISTRATUM GREY 12ML ROW X6	no matching photo asset set
9918995134906	L: ESHIN GREY 12ML ROW X6	no matching photo asset set
9918995135106	L: THUNDERHAWK BLUE 12ML ROW X6	no matching photo asset set
9918995135306	L: STORMVERMIN FUR 12ML ROW X6	no matching photo asset set
9918995135506	L: WHITE SCAR 12ML ROW X6	no matching photo asset set
9918995135706	L: IRONBREAKER 12ML ROW X6	no matching photo asset set
9918995135806	L: RUNEFANG STEEL 12ML ROW X6	no matching photo asset set
9918995136006	L: AURIC ARMOUR GOLD 12ML ROW X6	no matching photo asset set
9918995138806	L: HASHUT COPPER 12ML ROW X6	no matching photo asset set
9918995136106	L: SYCORAX BRONZE 12ML ROW X6	no matching photo asset set
9918995136306	L: RUSS GREY 12ML ROW X6	no matching photo asset set
9918995136406	L: FENRISIAN GREY 12ML ROW X6	no matching photo asset set
9918995136606	L: EMPEROR'S CHILDREN 12ML ROW X6	no matching photo asset set
9918995137106	L: STORMHOST SILVER 12ML ROW X6	no matching photo asset set
9918995137306	L: DEEPKIN FLESH 12ML ROW X6	no matching photo asset set
9918995137506	L: BAHARROTH BLUE 12ML ROW X6	no matching photo asset set
9918995137606	L: DORN YELLOW 12ML ROW X6	no matching photo asset set
9918995137806	L: DECHALA LILAC 12ML ROW X6	no matching photo asset set
9918995138706	L: WORD BEARERS RED 12ML ROW X6	no matching photo asset set
9918995139006	L: KNIGHT-QUESTOR FLESH 12ML ROW X6	no matching photo asset set
99120199098	B/Z FRONTERIS: STC HAB-BUNKER & STOCKADE	no matching photo asset set
99120199092	B/Z MANUF.:MUNITORUM ARMOURED CONTAINERS	no matching photo asset set
99120199133	WARHAMMER 40000: VOID WAR BASES	no matching photo asset set
99120102167	CHAOS SPACE MARINES: CHAOS BIKERS	no matching photo asset set
99120102168	CHAOS SPACE MARINES: CHAOS RHINO	no matching photo asset set
99120102169	CSM: CHAOS LORD IN TERMINATOR ARMOUR	no matching photo asset set
99120102165	CHAOS SPACE MARINES: FORGEFIEND	no matching photo asset set
99120102166	CHAOS SPACE MARINES: HELDRAKE	no matching photo asset set
99120102171	CHAOS SPACE MARINES: TERMINATORS	no matching photo asset set
99120102173	CHAOS SPACE MARINES: DARK APOSTLE	no matching photo asset set
99120102131	AHRIMAN ARCH-SORCERER OF TZEENTCH	no matching photo asset set
99070102024	CHAOS SPACE MARINES MASTER OF EXECUTIONS	no matching photo asset set
99120102174	CSM: LORD DISCORDANT ON HELSTALKER	no matching photo asset set
99120102175	CSM ABADDON THE DESPOILER	no matching photo asset set
99120102170	CHAOS SPACE MARINES: HAVOCS	no matching photo asset set
99070102026	CHAOS SPACE MARINES: SORCERER	no matching photo asset set
99120103096	ORKS: WARBIKERS	no matching photo asset set
99120103089	ORKS: MEGANOBZ	no matching photo asset set
99120103083	ORKS: TRUKK	no matching photo asset set
99120103091	ORKS: BOYZ	no matching photo asset set
99120103094	ORKS: NOBZ	no matching photo asset set
99120103095	ORKS: STORMBOYZ	no matching photo asset set
99120103092	ORKS: RUNTHERD AND GRETCHIN	no matching photo asset set
99120103085	ORKS: KILLA KANS	no matching photo asset set
99120103088	ORKS: MORKANAUT	no matching photo asset set
99120103093	ORKS: LOOTAS	no matching photo asset set
99120103087	ORKS: FLASH GITZ	no matching photo asset set
99070103005	ORKS: PAINBOY	no matching photo asset set
99120103086	ORKS: MEK GUN	no matching photo asset set
99120103090	ORKS: DAKKAJET	no matching photo asset set
99120103103	ORKS: SHOKKJUMP DRAGSTA	no matching photo asset set
99120103101	ORKS: MEGATRAKK SCRAPJET	no matching photo asset set
99120103099	ORKS: DEFFKILLA WARTRIKE	no matching photo asset set
99120103098	ORKS: BOOMDAKKA SNAZZWAGON	no matching photo asset set
99120104082	AELDARI: WINDRIDERS	no matching photo asset set
99120104083	AELDARI: WRAITHGUARD	no matching photo asset set
99120104079	AELDARI: DIRE AVENGERS	no matching photo asset set
99120104085	AELDARI: WRAITHLORD	no matching photo asset set
99070104012	AELDARI: FARSEER SKYRUNNER	no matching photo asset set
99120104084	AELDARI: WRAITHKNIGHT	no matching photo asset set
99120104086	AELDARI: HOWLING BANSHEES	no matching photo asset set
99120104087	AELDARI: JAIN ZAR	no matching photo asset set
99070104008	AELDARI: ELDRAD ULTHRAN	no matching photo asset set
99070104013	AELDARI: SPIRITSEER	no matching photo asset set
99120111007	AELDARI: HARLEQUIN TROUPE	no matching photo asset set
99120111005	AELDARI: SKYWEAVERS	no matching photo asset set
99120111006	AELDARI: STARWEAVER	no matching photo asset set
99070111005	AELDARI: SHADOWSEER	no matching photo asset set
99070111004	AELDARI: DEATH JESTER	no matching photo asset set
99120105114	ASTRA MILITARUM CHIMERA	no matching photo asset set
99120105102	ASTRA MILITARUM: CADIAN COMMAND SQUAD	no matching photo asset set
99120105113	ASTRA MILITARUM VALKYRIE	no matching photo asset set
99120105117	ASTRA MILITARUM: BULLGRYNS	no matching photo asset set
99120105116	ASTRA MILITARUM: TEMPESTUS SCIONS	no matching photo asset set
99120105115	ASTRA MILITARUM HYDRA	no matching photo asset set
99120105118	ASTRA MILITARUM: GAUNT'S GHOSTS	no matching photo asset set
99120106055	TYRANIDS: HIVE GUARD	no matching photo asset set
99120106060	TYRANIDS: WINGED HIVE TYRANT	no matching photo asset set
99120106054	TYRANIDS: TYRANNOFEX	no matching photo asset set
99120106052	TYRANIDS: GARGOYLES	no matching photo asset set
99120106058	TYRANIDS: WARRIORS	no matching photo asset set
99120106057	TYRANIDS: VENOMTHROPES	no matching photo asset set
99120106059	TYRANIDS: BROODLORD	no matching photo asset set
99120106071	TYRANIDS: NEUROGAUNTS	no matching photo asset set
99120106070	TYRANIDS: VON RYAN'S LEAPERS	no matching photo asset set
99120107018	GREY KNIGHTS: STRIKE SQUAD	no matching photo asset set
99120107019	G/KNIGHTS BROTHERHOOD TERMINATOR SQUAD	no matching photo asset set
99070107002	GREY KNIGHTS GRAND MASTER VOLDUS	no matching photo asset set
99120109016	DEATHWATCH: CORVUS BLACKSTAR	no matching photo asset set
99070109008	DEATHWATCH WATCH MASTER	no matching photo asset set
99070109007	DEATHWATCH UPGRADES	no matching photo asset set
99120110058	NECRONS: TRIARCH PRAETORIANS	no matching photo asset set
99120110043	NECRONS MONOLITH	no matching photo asset set
99120110057	NECRONS: IMMORTALS	no matching photo asset set
99120110063	NECRONS: GHOST ARK	no matching photo asset set
99120110064	NECRONS: CATACOMB COMMAND BARGE	no matching photo asset set
99120110059	NECRONS: TOMB BLADES	no matching photo asset set
99120110060	NECRONS: CANOPTEK WRAITHS	no matching photo asset set
99120110065	NECRONS: DOOM SCYTHE	no matching photo asset set
99120110061	NECRONS: CANOPTEK SPYDER	no matching photo asset set
99120110062	NECRONS: TRIARCH STALKER	no matching photo asset set
99070110005	NECRONS: CRYPTEK	no matching photo asset set
99120110054	NECRONS: C'TAN SHARD OF THE VOID DRAGON	no matching photo asset set
99120110053	NECRONS OPHYDIAN DESTROYERS	no matching photo asset set
99120108080	IMPERIAL KNIGHTS: KNIGHT ARMIGERS	no matching photo asset set
99120108081	IMPERIAL KNIGHTS: KNIGHT DOMINUS	no matching photo asset set
99120112044	DRUKHARI WYCHES	no matching photo asset set
99120112048	DRUKHARI TALOS	no matching photo asset set
99120112047	DRUKHARI SCOURGES	no matching photo asset set
99120112049	DRUKHARI VENOM	no matching photo asset set
99120112051	DRUKHARI INCUBI	no matching photo asset set
99120113076	T'AU EMPIRE: FIRE WARRIORS	no matching photo asset set
99120113072	T'AU EMPIRE: CRISIS BATTLESUITS	no matching photo asset set
99120113080	T'AU EMPIRE: PATHFINDER TEAM	no matching photo asset set
99120113074	T'AU EMPIRE: DEVILFISH	no matching photo asset set
99120113070	T'AU EMPIRE: HAMMERHEAD GUNSHIP	no matching photo asset set
99120113077	T'AU EMPIRE: RIPTIDE BATTLESUIT	no matching photo asset set
99120113082	T'AU EMPIRE: BROADSIDE BATTLESUIT	no matching photo asset set
99070113006	T'AU EMPIRE: CADRE FIREBLADE	no matching photo asset set
99120113071	T'AU EMPIRE: STORMSURGE	no matching photo asset set
99120113073	T'AU EMPIRE: PIRANHA	no matching photo asset set
99120113078	T'AU EMPIRE: GHOSTKEEL BATTLESUIT	no matching photo asset set
99120113079	T'AU EMPIRE: COMMANDER	no matching photo asset set
99120113083	T'AU EMPIRE: COMMANDER SHADOWSUN	no matching photo asset set
99120116033	ADEPTUS MECHANICUS: SKITARII	no matching photo asset set
99120116035	ADEPTUS MECHANICUS: SICARIANS	no matching photo asset set
99120116034	ADEPTUS MECHANICUS: IRONSTRIDER	no matching photo asset set
99120116030	ADEPTUS MECHANICUS: ONAGER DUNECRAWLER	no matching photo asset set
99120116037	AD/MECHANICUS:KATAPHRON BATTLE SERVITORS	no matching photo asset set
99120116036	ADEPTUS MECHANICUS: KASTELAN ROBOTS	no matching photo asset set
99120116032	ADEPTUS MECHANICUS: BELISARIUS CAWL	no matching photo asset set
99070116005	ADEPTUS MECHANICUS TECH-PRIEST DOMINUS	no matching photo asset set
99120116038	ADEPT/MECHANICUS: SKORPIUS DISINTEGRATOR	no matching photo asset set
99070116006	ADEPTUS MECHANICUS TECH-PRIEST MANIPULUS	no matching photo asset set
99120116040	ADEPTUS MECHANICUS: PTERAXII	no matching photo asset set
99120116041	ADEPTUS MECHANICUS: SERBERYS RAIDERS	no matching photo asset set
99070116004	ADEPTUS MECHANICUS TECH-PRIEST ENGINSEER	no matching photo asset set
99120117017	GENESTEALER CULTS: BROODCOVEN	no matching photo asset set
99120117020	GENESTEALER CULTS: NEOPHYTE HYBRIDS	no matching photo asset set
99120117018	GENESTEALER CULTS: GOLIATH	no matching photo asset set
99120117022	GENESTEALER CULTS: ABERRANTS	no matching photo asset set
99120117025	GENESTEALER CULTS: ACHILLES RIDGERUNNER	no matching photo asset set
99120117024	GENESTEALER CULTS: ATALAN JACKALS	no matching photo asset set
99120101327	ULTRAMARINES ROBOUTE GUILLIMAN	no matching photo asset set
99120101448	WHITE SCARS: SUBODEN KHAN	no matching photo asset set
99120101339	SPACE MARINES STORMRAVEN GUNSHIP	no matching photo asset set
99070101050	RAVEN GUARD PRIMARIS UPGRADES & TRANSFRS	no matching photo asset set
99120101292	RAVEN GUARD KAYVAAN SHRIKE	no matching photo asset set
99070101049	IRON HANDS PRIMARIS UPGRADES & TRANSFERS	no matching photo asset set
99120101291	IRON HANDS: IRON FATHER FEIRROS	no matching photo asset set
99120101342	IMPERIAL FISTS TOR GARADON	no matching photo asset set
99070101075	IMP. FISTS PRIMARIS UPGRADES & TRANSFERS	no matching photo asset set
99070101051	SALAMANDERS PRIMARIS UPGRADES & TRANSFRS	no matching photo asset set
99120101293	SALAMANDERS ADRAX AGATONE	no matching photo asset set
99070101070	BLOOD ANGELS CHAPLAIN WITH JUMP PACK	no matching photo asset set
99120101358	BLOOD ANGELS: MEPHISTON	no matching photo asset set
99120101361	DARK ANGELS RAVENWING COMMAND SQUAD	no matching photo asset set
99120101350	SPACE WOLVES THUNDERWOLF CAVALRY	no matching photo asset set
99120101352	SPACE WOLVES FENRISIAN WOLVES	no matching photo asset set
99120101348	SPACE WOLVES VENERABLE DREADNOUGHT	no matching photo asset set
99120101349	SPACE WOLVES: WULFEN	no matching photo asset set
99070101066	SPACE WOLVES ULRIK THE SLAYER	no matching photo asset set
99070101065	SPACE WOLVES IRON PRIEST	no matching photo asset set
99070101067	SPACE WOLVES PRIMARIS UPGRADES	no matching photo asset set
99070102020	DEATH GUARD: BIOLOGUS PUTRIFIER	no matching photo asset set
99070102019	DEATH GUARD: NAUSEOUS ROTBONE	no matching photo asset set
99070102018	D/G: SCRIBBUS WRETCH THE TALLYMAN	no matching photo asset set
99070102017	DEATH GUARD: FOUL BLIGHTSPAWN	no matching photo asset set
99070102021	DEATH GUARD: PLAGUE MARINE ICON BEARER	no matching photo asset set
99070102022	DEATH GUARD: PLAGUE MARINE CHAMPION	no matching photo asset set
99120102129	MORTARION: DAEMON PRIMARCH OF NURGLE	no matching photo asset set
99120102123	DEATH GUARD: DEATHSHROUD BODYGUARD	no matching photo asset set
99120102124	DEATH GUARD: BLIGHTLORD TERMINATORS	no matching photo asset set
99120102125	DEATH GUARD: PLAGUEBURST CRAWLER	no matching photo asset set
99120102126	D/GUARD: TYPHUS HERALD OF THE PLAGUE GOD	no matching photo asset set
99120102127	DEATH GUARD: FOETID BLOAT-DRONE	no matching photo asset set
99120102128	DEATH GUARD PLAGUE MARINES	no matching photo asset set
99120102112	DEATH GUARD: MYPHITIC BLIGHT-HAULER	no matching photo asset set
99120102132	THOUSAND SONS: MAGNUS THE RED	no matching photo asset set
99120102130	THOUSAND SONS: RUBRIC MARINES	no matching photo asset set
99120102133	THOUSAND SONS SCARAB OCCULT TERMINATORS	no matching photo asset set
99120102134	THOUSAND SONS EXALTED SORCERERS	no matching photo asset set
99120102184	WORLD EATERS: KHARN THE BETRAYER	no matching photo asset set
99120108073	ADEPTUS CUSTODES: CUSTODIAN GUARD	no matching photo asset set
99120108074	ADEPTUS CUSTODES: SISTERS OF SILENCE	no matching photo asset set
99120108076	ADEPTUS CUSTODES: TRAJANN VALORIS	no matching photo asset set
99120108077	ADEPTUS CUSTODES: CUSTODIAN WARDENS	no matching photo asset set
99120108078	ADEPTUS CUSTODES: VERTUS PRAETORS	no matching photo asset set
99120108075	ADEPTUS CUSTODES: ALLARUS CUSTODIANS	no matching photo asset set
99120108065	ADEPTA SORORITAS EPHRAEL STERN & KYGANIL	no matching photo asset set
99120108054	ADEPTA SORORITAS: IMMOLATOR	no matching photo asset set
99120108052	ADEPTA SORORITAS: EXORCIST	no matching photo asset set
99070108009	ADEPTA SORORITAS IMAGIFIER	no matching photo asset set
99120108055	ADEPTA SORORITAS JUNITH ERUITA	no matching photo asset set
99120108053	ADEPTA SORORITAS: HOSPITALLER	no matching photo asset set
99120108057	ADEPTA SORORITAS: BATTLE SISTERS SQUAD	no matching photo asset set
99120108059	ADEPTA SORORITAS: ENGINES OF REDEMPTION	no matching photo asset set
99120108060	ADEPTA SORORITAS REPENTIA SQUAD	no matching photo asset set
99120108061	A/S: THE TRIUMPH OF SAINT KATHERINE	no matching photo asset set
99120108062	ADEPTA SORORITAS: RETRIBUTOR SQUAD	no matching photo asset set
99120108063	ADEPTA SORORITAS RHINO	no matching photo asset set
99120108064	ADEPTA SORORITAS: SERAPHIM SQUAD	no matching photo asset set
99120108066	ADEPTA SORORITAS: SAINT CELESTINE	no matching photo asset set
99120101316	SPACE MARINES TACTICAL SQUAD	no matching photo asset set
99120101455	S/MARINES: ANCIENT IN TERMINATOR ARMOUR	no matching photo asset set
99120101317	SPACE MARINES DEVASTATOR SQUAD	no matching photo asset set
99120101300	SPACE MARINES VANGUARD VETERAN SQUAD	no matching photo asset set
99120101319	SPACE MARINES RAZORBACK	no matching photo asset set
99120101294	SPACE MARINES: HAMMERFALL BUNKER	no matching photo asset set
99120101320	SPACE MARINES PREDATOR	no matching photo asset set
99120101313	SPACE MARINES CENTURION ASSAULT SQUAD	no matching photo asset set
99120101341	SPACE MARINES VINDICATOR	no matching photo asset set
99120101344	S/MARINES LAND RAIDER CRUSADER/REDEEMER	no matching photo asset set
99120101299	SPACE MARINES VENERABLE DREADNOUGHT	no matching photo asset set
99120101454	SPACE MARINES: TERMINATOR ASSAULT SQUAD	no matching photo asset set
99120101278	SPACE MARINES PRIMARIS TECHMARINE	no matching photo asset set
99120101315	SPACE MARINES STORMHAWK INTERCEPTOR	no matching photo asset set
99120101322	S/MARINES PRIMARIS REPULSOR EXECUTIONER	no matching photo asset set
99070101060	SPACE MARINES PRIMARIS APOTHECARY	no matching photo asset set
99070101061	SPACE MARINES PRIMARIS CAPTAIN	no matching photo asset set
99070101062	SPACE MARINES PRIMARIS CHAPLAIN	no matching photo asset set
99070101063	SPACE MARINES PRIMARIS LIBRARIAN	no matching photo asset set
99070101054	PRIMARIS LIEUTENANT IN REIVER ARMOUR	no matching photo asset set
99070101055	PRIMARIS LIBRARIAN IN PHOBOS ARMOUR	no matching photo asset set
99070101056	SPACE MARINES CAPTAIN IN PHOBOS ARMOUR	no matching photo asset set
99120101306	SPACE MARINES PRIMARIS AGGRESSORS	no matching photo asset set
99120101307	SPACE MARINES PRIMARIS REIVERS	no matching photo asset set
99120101309	SPACE MARINES PRIMARIS INTERCESSORS	no matching photo asset set
99120101308	SPACE MARINES HELLBLASTERS	no matching photo asset set
99120101310	SPACE MARINES: REDEMPTOR DREADNOUGHT	no matching photo asset set
99120101311	SPACE MARINES: REPULSOR	no matching photo asset set
99120101312	SPACE MARINES: INCEPTOR SQUAD	no matching photo asset set
99070101053	S/M PRIMARIS LIEUTENANT WITH POWER SWORD	no matching photo asset set
99120101323	SPACE MARINES: ELIMINATOR SQUAD	no matching photo asset set
99120101324	SPACE MARINES PRIMARIS IMPULSOR	no matching photo asset set
99120101325	SPACE MARINES PRIMARIS INFILTRATORS	no matching photo asset set
99120101326	S/M PRIMARIS INVICTOR TACTICAL WARSUIT	no matching photo asset set
60100181272	NIGHT LORDS: THE OMNIBUS (PB)	no matching photo asset set
60100181432	AHRIMAN: THE OMNIBUS (PB)	no matching photo asset set
60100181462	GAUNT'S GHOSTS: THE FOUNDING (PB)	no matching photo asset set
60100181805	KRIEG PB (ENGLISH)	no matching photo asset set
60100181507	THE LION: SON OF THE FOREST (PB)	no matching photo asset set
60040181399	FERREN AREIOS: MASTER OF RITES (HB)	no matching photo asset set
60040181417	STEEL TREAD (HB)	no matching photo asset set
60100181848	MINKA LESK: HELL'S LAST (PB)	no matching photo asset set
60100181201	CIAPHAS CAIN: HERO OF THE IMPERIUM	no matching photo asset set
99122699028	L/IMPERIALIS: CIVITAS IMPERIALIS RUINS	no matching photo asset set
99120199152	KILL TEAM UPGRADE EQUIPMENT PACK	no matching photo asset set
99120999013	BLOOD BOWL: TROLL	no matching photo asset set
99070599002	NECROMUNDA 32MM BASES (X10)	no matching photo asset set
99120599009	NECROMUNDA AMBOT AUTOMATA	no matching photo asset set
60040599022	NECROMUNDA: THE BOOK OF JUDGEMENT (ENG)	no matching photo asset set
99120599014	ZONE MORTALIS: COLUMNS & WALLS	no matching photo asset set
99120599015	ZONE MORTALIS: PLATFORMS & STAIRS	no matching photo asset set
99120599017	NECROMUNDA:ZONE MORTALIS FLOOR TILE SET	no matching photo asset set
60040599029	NECROMUNDA: THE BOOK OF RUIN (ENGLISH)	no matching photo asset set
99120599030	NECROMUNDA:ZONE MORTALIS:GANG STRONGHOLD	no matching photo asset set
99120599049	ZONE MORTALIS: UNDERHIVE MARKET	no matching photo asset set
99121499033	LORD OF THE RINGS:FELLOWSHIP OF THE RING	no matching photo asset set
99121499037	GANDALF THE WHITE & PEREGRIN TOOK	no matching photo asset set
99121499039	THORIN OAKENSHIELD & COMPANY	no matching photo asset set
99121499041	THE THREE HUNTERS	no matching photo asset set
99121499042	EOWYN & MERRY	no matching photo asset set
99121499056	MIDDLE-EARTH SBG: GONDOR MANSION	no matching photo asset set
99121499057	MIDDLE-EARTH SBG: GONDOR TOWER	no matching photo asset set
99121499058	MIDDLE-EARTH SBG: GONDOR RUINS	no matching photo asset set
99120299039	AGE OF SIGMAR HERO BASES	no matching photo asset set
60042701001	ARCANE JOURNAL: THE RAZING OF WESTERLAND	no matching photo asset set
99120901005	BLOOD BOWL: NURGLE TEAM	no matching photo asset set
99120599003	NECROMUNDA GOLIATH GANG	no matching photo asset set
99120201153	SLAVES TO DARKNESS: CHAOS SPAWN	no matching photo asset set
99120201151	SLAVES TO DARKNESS: ARCHAON	no matching photo asset set
99120201152	SLAVES TO DARKNESS: VARANGUARD	no matching photo asset set
99129915070	SLAVES TO DARKNESS: BE'LAKOR	no matching photo asset set
60249999662	WHITE DWARF 520 (JAN-26) (ENGLISH)	no matching photo asset set
60249999661	WHITE DWARF 519 (DEC-25) (ENGLISH)	no matching photo asset set
99120999011	BLOOD BOWL: OGRE	no matching photo asset set
99120599004	NECROMUNDA ESCHER GANG	no matching photo asset set
99070212001	DARK ELF SUPREME SORCERESS	no matching photo asset set
99120202054	CITIES/SIGMAR: GALEN & DORALIA VEN DENST	no matching photo asset set
99122703009	KOB: KNIGHTS OF THE REALM ON FOOT	no matching photo asset set
99120599005	NECROMUNDA ORLOCK GANG	no matching photo asset set
60040599025	NECROMUNDA: HOUSE OF IRON (ENGLISH)	no matching photo asset set
99120599023	ORLOCK ARMS MASTERS AND WRECKERS	no matching photo asset set
60889999018	TRD BS: FOUNDATION ORDER FORM NOV-25 ENG	no matching photo asset set
99120904002	BLOOD BOWL: WOOD ELF TEAM	no matching photo asset set
99120599006	NECROMUNDA: VAN SAAR GANG	no matching photo asset set
99120599024	VAN SAAR ARCHEOTEKS & GRAV-CUTTERS	no matching photo asset set
99120204037	SYLVANETH: ALARIELLE THE EVERQUEEN	no matching photo asset set
99120204040	SYLVANETH: KURNOTH HUNTERS	no matching photo asset set
99120204038	SYLVANETH: TREE-REVENANTS	no matching photo asset set
99120204041	SYLVANETH: ARCH-REVENANT	no matching photo asset set
99120204023	AGE OF SIGMAR: AWAKENED WYLDWOOD	no matching photo asset set
60042799009	ARCANE JOURNAL: DWARFEN MOUNTAIN HOLDS	no matching photo asset set
99120905002	BLOOD BOWL: DWARF TEAM	no matching photo asset set
99120599007	NECROMUNDA CAWDOR GANG	no matching photo asset set
99120599031	NECROMUNDA: CAWDOR WEAPONS & UPGRADES	no matching photo asset set
99120906002	BLOOD BOWL: SKAVEN TEAM	no matching photo asset set
99120599008	NECROMUNDA: DELAQUE GANG	no matching photo asset set
99120206037	SKAVEN: PLAGUE MONKS	no matching photo asset set
99120206036	SKAVEN: STORMFIENDS	no matching photo asset set
99120206038	SKAVEN: VERMINLORD CORRUPTOR	no matching photo asset set
99070206005	SKAVEN: WARLOCK BOMBARDIER	no matching photo asset set
99120206054	SKAVEN: RATLING WARPBLASTER	no matching photo asset set
99120907003	BLOOD BOWL: SHAMBLING UNDEAD TEAM	no matching photo asset set
99120599011	NECROMUNDA: PALANITE ENFORCER PATROL	no matching photo asset set
99120599012	NECROMUNDA: PALANITE SUBJUGATOR PATROL	no matching photo asset set
99120908002	BLOOD BOWL: LIZARDMEN TEAM	no matching photo asset set
99120599013	NECROMUNDA: CORPSE GRINDER CULT	no matching photo asset set
99120208045	SPEARHEAD: SERAPHON	no matching photo asset set
99120208041	SERAPHON: SKINKS	no matching photo asset set
99120999014	BLOOD BOWL: ELVEN UNION TEAM	no matching photo asset set
99070210007	LUMINETH: SCINARI ENLIGHTENER	no matching photo asset set
99120210052	LUMINETH: HURAKAN WINDCHARGERS	no matching photo asset set
99120210050	LUMINETH: SEVIRETH LORD OF SEVEN WINDS	no matching photo asset set
99120210054	LUMINETH REALM-LORDS: VANARI BLADELORDS	no matching photo asset set
99120210059	LUMINETH: VANARI AURALAN SENTINELS	no matching photo asset set
99120210060	LUMINETH  R-L: VANARI AURALAN WARDENS	no matching photo asset set
99120912002	BLOOD BOWL: DARK ELF TEAM	no matching photo asset set
99120212034	DAUGHTERS OF KHAINE: WITCH AELVES	no matching photo asset set
99120212031	DAUGHTERS OF KHAINE: MORATHI	no matching photo asset set
99120212032	DAUGHTERS/KHAINE: KHINERAI HEARTRENDERS	no matching photo asset set
99120212033	DAUGHTERS OF KHAINE: BLOOD SISTERS	no matching photo asset set
99120913002	BLOOD BOWL: OGRE TEAM	no matching photo asset set
99120213029	OGOR MAWTRIBES: OGOR GLUTTONS	no matching photo asset set
99120213027	OGOR MAWTRIBES: IRONGUTS	no matching photo asset set
99120213028	OGOR MAWTRIBES: FROSTLORD ON STONEHORN	no matching photo asset set
99120213030	OGOR MAWTRIBES: MOURNFANG PACK	no matching photo asset set
99120999012	BLOOD BOWL: HALFLING TEAM	no matching photo asset set
99120909007	BLOOD BOWL: GOBLIN TEAM	no matching photo asset set
99120901004	BLOOD BOWL: CHAOS CHOSEN TEAM	no matching photo asset set
52170218003	AOS S/E + PAINT SET ENG/SPA/PORT/LATV/RM	no matching photo asset set
99120218073	S/ETERNALS: LORD CELESTANT ON STARDRAKE	no matching photo asset set
99120218074	STORMCAST ETERNALS: DRACOTHIAN GUARD	no matching photo asset set
99120218067	STORMCAST ETERNALS: VANGUARD-RAPTORS	no matching photo asset set
99120218066	STORMCAST ETERNALS: GRYPH-HOUNDS	no matching photo asset set
99120218050	S/E: KNIGHT-JUDICATOR WITH GRYPH-HOUNDS	no matching photo asset set
99070219011	IDONETH DEEPKIN: ISHARANN TIDECASTER	no matching photo asset set
99120219028	VOLTURNOS HIGH KING OF THE DEEP	no matching photo asset set
99120219032	IDONETH DEEPKIN: NAMARTI REAVERS	no matching photo asset set
99120219029	IDONETH DEEPKIN: EIDOLON OF MATHLANN	no matching photo asset set
99120219031	IDONETH DEEPKIN: AKHELIAN MORRSARR GUARD	no matching photo asset set
99120219030	IDONETH DEEPKIN: AKHELIAN ALLOPEX	no matching photo asset set
99120209148	GLOOMSPITE GITZ: MOONCLAN STABBAS	no matching photo asset set
99120209150	GLOOMSPITE GITZ: ROCKGUT TROGGOTHS	no matching photo asset set
99120209154	G/GITZ: LOONBOSS ON GIANT CAVE SQUIG	no matching photo asset set
99120209152	GLOOMSPITE GITZ: SQUIG HOPPERS	no matching photo asset set
99120209151	GLOOMSPITE GITZ: MANGLER SQUIGS	no matching photo asset set
99120209149	GLOOMSPITE GITZ: SQUIG HERD	no matching photo asset set
99120209153	GLOOMSPITE GITZ: DANKHOLD TROGGOTH	no matching photo asset set
99120209139	G/GITZ: SQUIGBOSS WITH GNASHA-SQUIG	no matching photo asset set
99120209147	GLOOMSPITE GITZ: SNARLFANG RIDERS	no matching photo asset set
99120209141	GLOOMSPITE GITZ: RABBLE-ROWZA	no matching photo asset set
99120207207	SOULBLIGHT GRAVELORDS: WIGHT KING	no matching photo asset set
99120207166	NECROPOLIS STALKERS	no matching photo asset set
99120207164	OSSIARCH BONEREAPERS: MORTEK GUARD	no matching photo asset set
99120207162	O/BONEREAPERS: KAVALOS DEATHRIDERS	no matching photo asset set
99120207159	O/BONEREAPERS: ARCH-KAVALOS ZANDTOS	no matching photo asset set
99120207230	NIGHTHAUNT: MYRMOURN BANSHEES	no matching photo asset set
99120207233	NIGHTHAUNT: REIKENOR THE GRIMHAILER	no matching photo asset set
99120207236	NIGHTHAUNT: CHAINRASPS	no matching photo asset set
99120207241	NIGHTHAUNT: DREADBLADE HARROWS	no matching photo asset set
99120207225	NIGHTHAUNT: AWLRACH THE DROWNER	no matching photo asset set
99120207231	NIGHTHAUNT: BLACK COACH	no matching photo asset set
99120207239	NIGHTHAUNT: KURDOSS VALENTIAN	no matching photo asset set
99120207242	N/HAUNT: LADY OLYNDER MORTARCH OF GRIEF	no matching photo asset set
99120207243	NIGHTHAUNT: GRIMGHAST REAPERS	no matching photo asset set
99120207244	NIGHTHAUNT: BLADEGHEIST REVENANTS	no matching photo asset set
99120207224	NIGHTHAUNT: CRAVENTHRONE GUARD	no matching photo asset set
99120207228	NIGHTHAUNT: SPIRIT HOSTS	no matching photo asset set
99120207171	FLESH-EATER COURTS: CRYPT GHOULS	no matching photo asset set
99120207172	FLESH-EATER COURTS: CRYPT FLAYERS	no matching photo asset set
99070207024	FLESH-EATER COURTS: ABHORRANT ARCHREGENT	no matching photo asset set
99120207234	SOULBLIGHT GRAVELORDS:DEADWALKER ZOMBIES	no matching photo asset set
99120207206	SOULBLIGHT GRAVELORDS: NECROMANCER	no matching photo asset set
99120207235	SOULBLIGHT GRAVELORDS: DIRE WOLVES	no matching photo asset set
99120207229	S/BLIGHT: LAUKA VAI MOTHER OF NIGHTMARES	no matching photo asset set
99120207232	SOULBLIGHT GRAVELORDS: RADUKAR THE BEAST	no matching photo asset set
99120909008	BLOOD BOWL: SNOTLING TEAM	no matching photo asset set
99120205052	KHARADRON OVERLORDS: ARKANAUT COMPANY	no matching photo asset set
99120205053	KHARADRON OVERLORDS: SKYWARDENS	no matching photo asset set
99120205054	KHARADRON OVERLORDS GRUNDSTOK THUNDERERS	no matching photo asset set
99120205051	KHARADRON OVERLORDS: GRUNDSTOK GUNHAULER	no matching photo asset set
99120205055	KHARADRON OVERLORDS: ARKANAUT IRONCLAD	no matching photo asset set
99120205060	SPEARHEAD: FYRESLAYERS	no matching photo asset set
99120205046	FYRESLAYERS: HEARTHGUARD BERZERKERS	no matching photo asset set
99120201248	BLADES OF KHORNE: WRATHMONGERS	no matching photo asset set
99120201246	BLADES OF KHORNE: BLOOD WARRIORS	no matching photo asset set
99120201134	MAGGOTKIN OF NURGLE: THE GLOTTKIN	no matching photo asset set
99120201221	MAGGOTKIN OF NURGLE: LORD OF PLAGUES	no matching photo asset set
99120201222	MAGGOTKIN OF NURGLE LORD OF BLIGHTS	no matching photo asset set
99120201196	SPEARHEAD: HEDONITES OF SLAANESH	no matching photo asset set
99120201150	TZEENTCH: CURSELING EYE OF TZEENTCH	no matching photo asset set
99120201143	DISCIPLES/TZEENTCH: TZAANGOR ENLIGHTENED	no matching photo asset set
99120201144	DISCIPLES OF TZEENTCH: TZAANGORS	no matching photo asset set
99070201030	TZEENTCH ARCANITES TZAANGOR SHAMAN	no matching photo asset set
99120299118	SPEARHEAD: SONS OF BEHEMAT	no matching photo asset set
99120209134	SPEARHEAD: ORRUK WARCLANS	no matching photo asset set
99120209090	ORRUK WARCLANS:GORDRAKK THE FIST OF GORK	no matching photo asset set
99070209007	ORRUK WARCLANS: ORRUK MEGABOSS	no matching photo asset set
99070209008	ORRUK WARCLANS: ORRUK WEIRDNOB SHAMAN	no matching photo asset set
99120209089	ORRUK WARCLANS: ORRUK BRUTES	no matching photo asset set
99129915090	BLADES OF KHORNE: BLOODLETTERS	no matching photo asset set
99129915086	BLADES OF KHORNE: BLOODTHIRSTER	no matching photo asset set
99129915089	BLADES OF KHORNE: SKARBRAND	no matching photo asset set
99129915087	BLADES OF KHORNE: SKULLTAKER	no matching photo asset set
99129915088	BLADES OF KHORNE: FLESH HOUNDS	no matching photo asset set
99129915084	B/K: BLOODMASTER HERALD OF KHORNE	no matching photo asset set
99129915079	HEDONITES OF SLAANESH: KEEPER OF SECRETS	no matching photo asset set
99129915076	HEDONITES OF SLAANESH: DAEMONETTES	no matching photo asset set
99129915085	DAEMONS OF SLAANESH: THE MASQUE	no matching photo asset set
99129915062	MAGGOTKIN OF NURGLE: BEAST OF NURGLE	no matching photo asset set
99129915063	MAGGOTKIN OF NURGLE: GREAT UNCLEAN ONE	no matching photo asset set
99129915061	MAGGOTKIN OF NURGLE: PLAGUEBEARERS	no matching photo asset set
99129915060	MAGGOTKIN OF NURGLE: NURGLINGS	no matching photo asset set
99129915083	MAGGOTKIN OF NURGLE: SLOPPITY BILEPIPER	no matching photo asset set
99129915069	DISCIPLES OF TZEENTCH: PINK HORRORS	no matching photo asset set
99129915067	DISCIPLES/TZEENTCH: FLAMERS OF TZEENTCH	no matching photo asset set
99129915065	DISCIPLES OF TZEENTCH: LORD OF CHANGE	no matching photo asset set
99129915066	DISCIPLES OF TZEENTCH: BLUE HORRORS	no matching photo asset set
99123005007	SOLAR AUXILIA: BASILISK/MEDUSA	no matching photo asset set
9918995022606	BASE: RATSKIN FLESH (12ML) (6-PACK)	no matching photo asset set
9918995024506	BASE: DEATH KORPS DRAB (12ML) (6-PACK)	no matching photo asset set
9918995024606	BASE: GAL VORBAK RED (12ML) (6-PACK)	no matching photo asset set
9918995024806	BASE: NOCTURNE GREEN (12ML) (6-PACK)	no matching photo asset set
9918995025006	BASE: LUPERCAL GREEN (12ML) (6-PACK)	no matching photo asset set
9918995025706	BASE: MORGHAST BONE (12ML) (6-PACK)	no matching photo asset set
9918995026306	BASE: HOBGROT HIDE (12ML) (6-PACK)	no matching photo asset set
9918995026406	BASE: THONDIA BROWN (12ML) (6-PACK)	no matching photo asset set
9918995121606	LAYER: WARPFIEND GREY (12ML) (6-PACK)	no matching photo asset set
9918995123106	SKARSNIK GREEN 12ML (6-PACK)	no matching photo asset set
9918995123206	LAYER: LOREN FOREST (12ML) (6-PACK)	no matching photo asset set
9918995123906	TALLARN SAND (6-PACK)	no matching photo asset set
9918995124306	LAYER: BESTIGOR FLESH (12ML) (6-PACK)	no matching photo asset set
9918995124406	UNGOR FLESH (6-PACK)	no matching photo asset set
9918995124606	DEATHCLAW BROWN (6-PACK)	no matching photo asset set
9918995124706	TAU LIGHT OCHRE (12ML) (6-PACK)	no matching photo asset set
9918995124806	BALOR BROWN 12ML (6-PACK)	no matching photo asset set
9918995127606	LAYER:SKULLCRUSHER BRASS (12ML) (6-PACK)	no matching photo asset set
9918995127706	LAYER: FULGURITE COPPER (12ML) (6-PACK)	no matching photo asset set
9918995128606	LAYER: KRIEG KHAKI (12ML) (6-PACK)	no matching photo asset set
9918995128806	LAYER: LUGGANATH ORANGE (12ML) (6-PACK)	no matching photo asset set
9918995129006	LAYER:SONS OF HORUS GREEN (12ML)(6-PACK)	no matching photo asset set
9918995129206	LAYER: CASTELLAX BRONZE (12ML) (6-PACK)	no matching photo asset set
9918995129306	LAYER: VULKAN GREEN (12ML) (6-PACK)	no matching photo asset set
9918995129606	LAYER: BLOODREAVER FLESH (12ML) (6-PACK)	no matching photo asset set
9918995203606	HEXOS PALESUN (6-PACK)	no matching photo asset set
9918995203806	LUCIUS LILAC (6-PACK)	no matching photo asset set
9918995203906	PRAXETI WHITE (6-PACK)	no matching photo asset set
9918995204006	DRY: ETHERIUM BLUE (12ML) (6-PACK)	no matching photo asset set
9918995204106	SKINK BLUE (6-PACK)	no matching photo asset set
9918995204306	UNDERHIVE ASH (6-PACK)	no matching photo asset set
9918995204406	DRY: ELDAR FLESH (12ML) (6-PACK)	no matching photo asset set
9918995204506	DRY: TYRANT SKULL (12ML) (6-PACK)	no matching photo asset set
9918995204606	DRY: TERMINATUS STONE (12ML) (6-PACK)	no matching photo asset set
9918995204706	LONGBEARD GREY (6-PACK)	no matching photo asset set
9918995204806	NECRON COMPOUND 12ML (6-PACK)	no matching photo asset set
9918995204906	GOLDEN GRIFFON (6-PACK)	no matching photo asset set
9918995205106	RYZA RUST (6-PACK)	no matching photo asset set
9918995205306	DRY: ASTORATH RED (6-PACK)	no matching photo asset set
9918995205406	DRY: HOETH BLUE (X6)	no matching photo asset set
9918995205606	DRY: IMRIK BLUE (6-PACK)	no matching photo asset set
9918995205706	DRY: STORMFANG (6-PACK)	no matching photo asset set
9918995205206	DRY: WRACK WHITE (6-PACK)	no matching photo asset set
9918995205806	DRY: NIBLET GREEN (6-PACK)	no matching photo asset set
9918995205906	DRY: NURGLING GREEN (6-PACK)	no matching photo asset set
9918995206006	DRY: GOLGFAG BROWN (6-PACK)	no matching photo asset set
9918995206206	DRY: SYLVANETH BARK (6-PACK)	no matching photo asset set
9918995206306	DRY: DAWNSTONE (6-PACK)	no matching photo asset set
9918995305506	SHADE: CARROBURG CRIMSON (18ML) (6 PACK)	no matching photo asset set
9918995304806	SHADE: NULN OIL (18ML) (6-PACK)	no matching photo asset set
9918995305006	SHADE: AGRAX EARTHSHADE (18ML) (6 PACK)	no matching photo asset set
9918995305706	SHADE: DRUCHII VIOLET (18ML) (6 PACK)	no matching photo asset set
9918995305306	SHADE: DRAKENHOF NIGHTSHADE (18ML) 6 PK	no matching photo asset set
9918995305606	SHADE: CASANDORA YELLOW (18ML) (6 PACK)	no matching photo asset set
9918995305106	SHADE: BIEL-TAN GREEN (18ML) (6 PACK)	no matching photo asset set
9918995305906	SHADE: FUEGAN ORANGE (18ML) (6 PACK)	no matching photo asset set
9918995305206	SHADE: ATHONIAN CAMOSHADE (18ML) (6 PCK)	no matching photo asset set
9918995305806	SHADE: COELIA GREENSHADE (18ML) (6 PACK)	no matching photo asset set
9918995305406	SHADE: SERAPHIM SEPIA (18ML) (6 PACK)	no matching photo asset set
9918995304906	SHADE: REIKLAND FLESHSHADE (18ML) (6 PK)	no matching photo asset set
9918995304106	SHADE: KROAK GREEN (18ML) (6 PACK)	no matching photo asset set
9918995304206	SHADE: POXWALKER (18ML) (6 PACK)	no matching photo asset set
9918995304306	SHADE: TARGOR RAGESHADE (18ML) (6 PACK)	no matching photo asset set
9918995304406	SHADE: MORTARION GRIME (18ML) (6 PACK)	no matching photo asset set
9918995304506	SHADE: TYRAN BLUE (18ML) (6 PACK)	no matching photo asset set
9918995304606	SHADE: BERSERKER BLOODSHADE (18ML) (6PK)	no matching photo asset set
9918995304706	SHADE: SOULBLIGHT GREY (18ML) (6 pack)	no matching photo asset set
9918995607906	TECHNICAL: LAHMIAN MEDIUM (24ML) (6PK)	no matching photo asset set
9918995608006	TECHNICAL: 'ARDCOAT (24ML) (6-PACK)	no matching photo asset set
9918995606006	T: BLOOD FOR THE BLOOD GOD (12ML) 6-PACK	no matching photo asset set
9918995606106	NIHILAKH OXIDE 12ML (6-PACK)	no matching photo asset set
9918995606206	NURGLES ROT 12ML (6-PACK)	no matching photo asset set
9918995606306	TYPHUS CORROSION (6-PACK)	no matching photo asset set
9918995606406	TECHNICAL: SPIRITSTONE RED (12ML) 6-PACK	no matching photo asset set
9918995606506	TECHNICAL: SOULSTONE BLUE (12ML) 6-PACK	no matching photo asset set
9918995606606	TECHNICAL: WAYSTONE GREEN (12ML) 6-PACK	no matching photo asset set
9918995606706	TECHNICAL: MORDANT EARTH (24ML) (6-PACK)	no matching photo asset set
9918995606806	TECHNICAL: AGRELLAN EARTH (24ML) (6PK)	no matching photo asset set
9918995606906	TECHNICAL: AGRELLAN BADLAND (24ML) (6PK)	no matching photo asset set
9918995607006	TECHNICAL: MARTIAN IRONEARTH (24ML) 6PK	no matching photo asset set
9918995607106	TECHNICAL: MARTIAN IRONCRUST (24ML) 6PK	no matching photo asset set
9918995607206	TECHNICAL: STIRLAND MUD (24ML) (6-PACK)	no matching photo asset set
9918995607406	TECHNICAL: ARMAGEDDON DUST (24ML) (6PK)	no matching photo asset set
9918995607606	TECHNICAL: ASTROGRANITE (24ML) (6-PACK)	no matching photo asset set
9918995607806	TECHNICAL: VALHALLAN BLIZZARD (24ML) 6PK	no matching photo asset set
9918995608106	TECHNICAL: CONTRAST MEDIUM (24ML) (6-PK)	no matching photo asset set
9918995608206	TECHNICAL: STORMSHIELD (24ML) (6-PACK)	no matching photo asset set
9918995608306	TECHNICAL: TESSERACT GLOW (18ML) 6-PACK	no matching photo asset set
9918995813106	AIR: AVERLAND SUNSET (24ML) (6-PACK)	no matching photo asset set
9918995813206	AIR: MEPHISTON RED (24ML) (6-PACK)	no matching photo asset set
9918995813306	AIR: KHORNE RED (24ML) (6-PACK)	no matching photo asset set
9918995813406	AIR: KANTOR BLUE (24ML) (6-PACK)	no matching photo asset set
9918995813506	AIR: MACRAGGE BLUE (24ML) (6-PACK)	no matching photo asset set
9918995813706	AIR: CALIBAN GREEN (24ML) (6-PACK)	no matching photo asset set
9918995813806	AIR: CASTELLAN GREEN (24ML) (6-PACK)	no matching photo asset set
9918995813906	AIR: DEATHWORLD FOREST (24ML) (6-PACK)	no matching photo asset set
9918995814006	AIR: ZANDRI DUST (24ML) (6-PACK)	no matching photo asset set
9918995814106	AIR: MOURNFANG BROWN (24ML) (6-PACK)	no matching photo asset set
9918995814406	AIR: MECH STANDARD GREY (24ML) (6-PACK)	no matching photo asset set
9918995814506	AIR: ABADDON BLACK (24ML) (6-PACK)	no matching photo asset set
9918995814606	AIR: LEADBELCHER (24ML) (6-PACK)	no matching photo asset set
9918995814706	AIR: BALTHASAR GOLD 24ML (6-PACK)	no matching photo asset set
9918995814906	AIR: THE FANG (24ML) (6-PACK)	no matching photo asset set
9918995815006	AIR: FLASH GITZ YELLOW (24ML) (6-PACK)	no matching photo asset set
9918995815106	AIR: TROLL SLAYER ORANGE (24ML) (6-PACK)	no matching photo asset set
9918995815206	AIR: EVIL SUNZ SCARLET (24ML) (6-PACK)	no matching photo asset set
9918995815506	AIR: LOTHERN BLUE (24ML) (6-PACK)	no matching photo asset set
9918995815606	AIR: TEMPLE GUARD BLUE (24ML) (6-PACK)	no matching photo asset set
9918995815806	AIR: MOOT GREEN (24ML) (6-PACK)	no matching photo asset set
9918995816106	AIR: ELYSIAN GREEN (24ML) (6-PACK)	no matching photo asset set
9918995816206	AIR: OGRYN CAMO (24ML) (6-PACK)	no matching photo asset set
9918995816306	AIR: USHABTI BONE (24ML) (6-PACK)	no matching photo asset set
9918995816406	AIR: CASTE THINNER (24ML) (6-PACK)	no matching photo asset set
9918995816706	AIR: KISLEV FLESH (24ML) (6-PACK)	no matching photo asset set
9918995817206	AIR: BANEBLADE BROWN (24ML) (6-PACK)	no matching photo asset set
9918995817306	AIR: DAWNSTONE (24ML) (6-PACK)	no matching photo asset set
9918995817406	AIR: ADMINISTRATUM GREY (24ML) (6-PACK)	no matching photo asset set
9918995817506	AIR: ULTHUAN GREY (24ML) (6-PACK)	no matching photo asset set
9918995817606	AIR: WHITE SCAR (24ML) (6-PACK)	no matching photo asset set
9918995817806	AIR: RUNEFANG STEEL (24ML) (6-PACK)	no matching photo asset set
9918995818006	AIR: RUSS GREY (24ML) (6-PACK)	no matching photo asset set
9918995818106	AIR: FENRISIAN GREY (24ML) (6-PACK)	no matching photo asset set
9918995818306	AIR: ANGRON RED CLEAR (24ML) (6-PACK)	no matching photo asset set
9918995818406	AIR: CALTH BLUE CLEAR (24ML) (6-PACK)	no matching photo asset set
9918995818606	AIR: EIDOLON PURPLE CLEAR (24ML)(6-PACK)	no matching photo asset set
9918995818706	AIR: MORTARION GREEN (24ML) (6-PACK)	no matching photo asset set
9918995818806	AIR: PHOENICIAN PURPLE (24ML) (6-PACK)	no matching photo asset set
9918995819106	AIR: NIGHT LORDS BLUE (24ML) (6-PACK)	no matching photo asset set
9918995819406	AIR: CORVUS BLACK (24ML) (6-PACK)	no matching photo asset set
9918995819606	AIR: TYPHON ASH (24ML) (6-PACK)	no matching photo asset set
9918995819806	AIR: PHALANX YELLOW (24ML) (6-PACK)	no matching photo asset set
9918995820706	AIR: GREY KNIGHTS STEEL (24ML) (6-PACK)	no matching photo asset set
9918995820806	AIR: THALLAX GOLD (24ML) (6-PACK)	no matching photo asset set
9918996006106	CONTRAST: NIGHTHAUNT GLOOM (18ML) 6 PACK	no matching photo asset set
9918996006006	CONTRAST: HEXWRAITH FLAME (18ML) 6 PACK	no matching photo asset set
9918996009606	CONTRAST: IYANDEN YELLOW (18ML) (6-PACK)	no matching photo asset set
9918996009706	CONTRAST: GRYPH-HOUND ORANGE (18ML) 6PK	no matching photo asset set
9918996009806	CONTRAST: BLOOD ANGELS RED (18ML) (6PK)	no matching photo asset set
9918996009906	CONTRAST: FLESH TEARERS RED (18ML) (6PK)	no matching photo asset set
9918996010006	CONTRAST: VOLUPUS PINK (18ML) (6-PACK)	no matching photo asset set
9918996010106	CONTRAST: SHYISH PURPLE (18ML) (6-PACK)	no matching photo asset set
9918996010206	CONTRAST: MAGOS PURPLE (18ML) (6-PACK)	no matching photo asset set
9918996010306	CONTRAST: LEVIADON BLUE (18ML) (6-PACK)	no matching photo asset set
9918996010406	CONTRAST: ULTRAMARINES BLUE (18ML) (6PK)	no matching photo asset set
9918996010506	CONTRAST: AKHELIAN GREEN (18ML) (6-PACK)	no matching photo asset set
9918996010606	CONTRAST: DARK ANGELS GREEN (18ML) (6PK)	no matching photo asset set
9918996010706	CONTRAST: NAZDREG YELLOW (18ML) (6-PACK)	no matching photo asset set
9918996010806	CONTRAST: ORK FLESH (18ML) (6-PACK)	no matching photo asset set
9918996010906	CONTRAST: CREED CAMO (18ML) (6-PACK)	no matching photo asset set
9918996011006	CONTRAST: MILITARUM GREEN (18ML) (6PK)	no matching photo asset set
9918996011106	CONTRAST: AGGAROS DUNES (18ML) (6-PACK)	no matching photo asset set
9918996011206	CONTRAST: SKELETON HORDE (18ML) (6-PACK)	no matching photo asset set
9918996011306	CONTRAST: SNAKEBITE LEATHER (18ML) (6PK)	no matching photo asset set
9918996011406	CONTRAST: GORE-GRUNTA FUR (18ML) (6PK)	no matching photo asset set
9918996011506	CONTRAST: CYGOR BROWN (18ML) (6-PACK)	no matching photo asset set
9918996011606	CONTRAST: WYLDWOOD (18ML) (6-PACK)	no matching photo asset set
9918996011706	CONTRAST: FYRESLAYER FLESH (18ML) (6PK)	no matching photo asset set
9918996011806	CONTRAST: GUILLIMAN FLESH (18ML) (6PK)	no matching photo asset set
9918996011906	CONTRAST: DARKOATH FLESH (18ML) (6-PACK)	no matching photo asset set
9918996012006	CONTRAST: APOTHECARY WHITE (18ML) (6PK)	no matching photo asset set
9918996012106	CONTRAST: GRYPH-CHARGER GREY (18ML) 6PK	no matching photo asset set
9918996012206	CONTRAST: SPACE WOLVES GREY (18ML) (6PK)	no matching photo asset set
9918996012306	CONTRAST: BASILICANUM GREY (18ML) (6PK)	no matching photo asset set
9918996012406	CONTRAST: BLACK TEMPLAR (18ML) (6-PACK)	no matching photo asset set
9918996012506	CONTRAST: TALASSAR BLUE (18ML) (6-PACK)	no matching photo asset set
9918996012606	CONTRAST: WARP LIGHTNING (18ML) (6-PACK)	no matching photo asset set
9918996012706	CONTRAST: AETHERMATIC BLUE (18ML) (6PK)	no matching photo asset set
9918996012806	CONTRAST: PLAGUEBEARER FLESH (18ML) 6PK	no matching photo asset set
9918996012906	CONTRAST: TERRADON TURQUOISE (18ML) 6PK	no matching photo asset set
9918996003506	CONTRAST: GARAGHAK'S SEWER (18ML) (6 PK)	no matching photo asset set
9918996003606	CONTRAST: BLACK LEGION (18ML) (6 PACK)	no matching photo asset set
9918996003706	CONTRAST: RATLING GRIME (18ML) (6 PACK)	no matching photo asset set
9918996003806	CONTRAST: MANTIS WARRIORS GRN (18ML) 6PK	no matching photo asset set
9918996003906	CONTRAST: AELDARI EMERALD (18ML) (6 PCK)	no matching photo asset set
9918996004006	CONTRAST: GUTRIPPA FLESH (18ML) (6 PACK)	no matching photo asset set
9918996004106	CONTRAST: KARANDRAS GREEN (18ML) (6PACK)	no matching photo asset set
9918996004206	CONTRAST: S/SCORPION GREEN (18ML) (6 PK)	no matching photo asset set
9918996004306	CONTRAST: IRONJAWZ YELLOW (18ML) (6PK)	no matching photo asset set
9918996004406	CONTRAST: BAD MOON YELLOW (18ML) (6PK)	no matching photo asset set
9918996004506	CONTRAST: IMPERIAL FIST (18ML) (6 PACK)	no matching photo asset set
9918996004606	CONTRAST: KROXIGOR SCALES (18ML) 6 PACK	no matching photo asset set
9918996004706	CONTRAST: BRIAR QUEEN CHILL (18ML) 6 PCK	no matching photo asset set
9918996004806	CONTRAST: FROSTHEART (18ML) (6 PACK)	no matching photo asset set
9918996004906	CONTRAST: PYLAR GLACIER (18ML) (6 PACK)	no matching photo asset set
9918996005006	CONTRAST: ASURMEN BLUE (18ML) (6 PACK)	no matching photo asset set
9918996005106	CONTRAST: CELESTIUM BLUE (18ML) (6 PACK)	no matching photo asset set
9918996005206	CONTRAST: STORMFIEND (18ML) (6 PACK)	no matching photo asset set
9918996005306	CONTRAST: LEVIATHAN PURPLE (18ML) (6PK)	no matching photo asset set
9918996005406	CONTRAST: LUXION PURPLE (18ML) (6 PACK)	no matching photo asset set
9918996005506	CONTRAST: SIGVALD BURGUNDY (18ML) 6 PACK	no matching photo asset set
9918996005606	CONTRAST: DREADFUL VISAGE (18ML) 6 PACK	no matching photo asset set
9918996005706	CONTRAST: DOOMFIRE MAGENTA (18ML) 6 PACK	no matching photo asset set
9918996005806	CONTRAST: BAAL RED (18ML) (6 PACK)	no matching photo asset set
9918996005906	CONTRAST: MAGMADROTH FLAME (18ML) 6 PACK	no matching photo asset set
99121462013	URUK-HAI WARRIORS	no matching photo asset set
99121462015	LOTR: MORDOR ORCS	no matching photo asset set
99121462016	MORANNON ORCS	no matching photo asset set
99121462017	THE LORD OF THE RINGS: WARG RIDERS	no matching photo asset set
99121464015	LOTR: KNIGHTS OF MINAS TIRITH	no matching photo asset set
99121464016	WARRIORS OF MINAS TIRITH	no matching photo asset set
99121464018	EASTERLING WARRIORS	no matching photo asset set
99121464029	SARUMAN THE WHITE & GRIMA	no matching photo asset set
9920999909006	CHAOS BLACK SPRAY PAINT (UK/ROW) (6-PK)	no matching photo asset set
9920999909406	MEPHISTON RED SPRAY (UK/ROW) (6-PK)	no matching photo asset set
9920999909506	MACRAGGE BLUE SPRAY (UK/ROW) (6-PK)	no matching photo asset set
9920999909606	ZANDRI DUST SPRAY (UK/ROW) (6-PK)	no matching photo asset set
9920999909706	LEADBELCHER SPRAY (UK/ROW) (6-PK)	no matching photo asset set
9920999910006	RETRIBUTOR ARMOUR SPRAY (UK/ROW) (6-PK)	no matching photo asset set
9920999909806	MECH.STANDARD GREY SPRAY (UK/ROW) (6-PK)	no matching photo asset set
9920999909906	DEATH GUARD GREEN SPRAY (UK/ROW) (6-PK)	no matching photo asset set
9920999909106	WRAITHBONE SPRAY PAINT (UK/ROW) (6-PACK)	no matching photo asset set
9920999909206	GREY SEER SPRAY PAINT (UK/ROW) (6-PACK)	no matching photo asset set
9920999910206	WHITE SCAR SPRAY PAINT (6-PACK) (ROW)	no matching photo asset set
99121466008	LOTR: MORDOR TROLL / ISENGARD TROLL	no matching photo asset set
99121466009	LOTR: WAR MUMAK OF HARAD	no matching photo asset set
99121466010	THE BALROG	no matching photo asset set
99121466012	LORD OF THE RINGS: WINGED NAZGUL	no matching photo asset set
99121466014	KING OF THE DEAD & HERALDS	no matching photo asset set
99199999054	CITADEL X-SMALL ARTIFICER LAYER BRUSH	no matching photo asset set
99199999060	CITADEL SMALL ARTIFICER LAYER BRUSH	no matching photo asset set
99199999061	CITADEL MEDIUM ARTIFICER LAYER BRUSH	no matching photo asset set
9919999906803	SYNTHETIC BASE BRUSH (SMALL) (X3)	no matching photo asset set
9919999907303	SYNTHETIC BASE BRUSH (MEDIUM) (X3)	no matching photo asset set
9919999907403	SYNTHETIC BASE BRUSH (LARGE) (X3)	no matching photo asset set
9919999907503	SYNTHETIC BASE BRUSH (X-LARGE) (X3)	no matching photo asset set
9919999904303	CITADEL SMALL BASE BRUSH (3-PACK)	no matching photo asset set
9919999906606	SYNTHETIC LAYER BRUSH (SMALL) (X6)	no matching photo asset set
9919999906706	SYNTHETIC LAYER BRUSH (MEDIUM) (X6)	no matching photo asset set
9919999905206	CITADEL SMALL LAYER BRUSH (6-PACK)	no matching photo asset set
9919999905306	CITADEL MEDIUM LAYER BRUSH (6-PACK)	no matching photo asset set
9919999906903	SYNTHETIC SHADE BRUSH (MEDIUM) (X3)	no matching photo asset set
9919999907003	SYNTHETIC SHADE BRUSH (LARGE) (X3)	no matching photo asset set
9919999904703	CITADEL MEDIUM SHADE BRUSH (3-PACK)	no matching photo asset set
9919999904803	CITADEL LARGE SHADE BRUSH (3-PACK)	no matching photo asset set
9919999907903	SYNTHETIC GLAZE BRUSH (X3)	no matching photo asset set
9919999907603	SYNTHETIC DRYBRUSH (SMALL) (X3)	no matching photo asset set
9919999907803	SYNTHETIC DRYBRUSH (LARGE) (X3)	no matching photo asset set
9919999904903	CITADEL SMALL DRYBRUSH (3-PACK)	no matching photo asset set
9919999905003	CITADEL MEDIUM DRYBRUSH (3-PACK)	no matching photo asset set
9919999905103	CITADEL LARGE DRYBRUSH (3-PACK)	no matching photo asset set
9919999905803	CITADEL MEDIUM TEXTURE SPREADER (3-PACK)	no matching photo asset set
99239999066	CITADEL FILE SET	no matching photo asset set
99129999012	CITADEL SKULLS	no matching photo asset set
99079999004	CITADEL MIXED BASE PACK 1	no matching photo asset set
99079999005	CITADEL MIXED BASE PACK 2	no matching photo asset set
9923999903503	GW TAPE MEASURE (PACK OF 3)	no matching photo asset set
99239999129	WARHAMMER BATTLE CASE	no matching photo asset set
99239999130	WARHAMMER CRUSADE CASE	no matching photo asset set
99123001030	LEGIONES ASTARTES: VINDICATOR SIEGE TANK	no matching photo asset set
9922999919106	WARHAMMER WATER POT (6-PACK)	no matching photo asset set
9923999911206	CITADEL PAINTING HANDLE (MK2) (6-PACK)	no matching photo asset set
9923999912806	WARHAMMER SERVO-SKULL PALETTE (6-PACK)	no matching photo asset set
99120207157	DEATHLORDS NAGASH SUPREME LORD OF UNDEAD	no matching photo asset set
60100181296	HORUS HERESY: FALSE GODS	no matching photo asset set
60100181297	HORUS HERESY: GALAXY IN FLAMES	no matching photo asset set
60100181290	HORUS HERESY: FULGRIM (PB)	no matching photo asset set
60100181295	HORUS HERESY: HORUS RISING	no matching photo asset set
60100181470	HORUS HERESY: PRAETORIAN OF DORN (PB)	no matching photo asset set
60100181133	HH: THE FIRST HERETIC (PB)	no matching photo asset set
60100181599	HORUS HERESY: THE MASTER OF MANKIND	no matching photo asset set
60100281220	GOTREK & FELIX: THE FIRST OMNIBUS (PB)	no matching photo asset set
60100181735	HORUS HERESY: SLAVES TO DARKNESS (PB)	no matching photo asset set
60100281323	BAD LOON RISING (PB)	no matching photo asset set
60100181166	HORUS HERESY: KNOW NO FEAR (PB)	no matching photo asset set
60040181416	ASHES OF THE IMPERIUM: THE SCOURING HB	no matching photo asset set
9954999912320	WARHAMMER TOTE BAG (RPET) (20-PACK)	no matching photo asset set
